{"cameraMode":{"drawMode":0,"name":"Shaded","section":"Shading Mode"},"sceneLighting":true,"audioPlay":false,"sceneViewState":{"showFog":true,"showMaterialUpdate":false,"showSkybox":true,"showFlares":true,"showImageEffects":true,"showParticleSystems":true},"in2DMode":false,"pivot":{"x":118.79511260986328,"y":-39.914276123046878,"z":87.14695739746094},"rotation":{"x":-0.23167167603969575,"y":-0.39650818705558779,"z":0.1041266918182373,"w":-0.8821945786476135},"size":179.72303771972657,"orthographic":false}