{"cameraMode":{"drawMode":0,"name":"Shaded","section":"Shading Mode"},"sceneLighting":true,"audioPlay":false,"sceneViewState":{"showFog":true,"showMaterialUpdate":false,"showSkybox":true,"showFlares":true,"showImageEffects":true,"showParticleSystems":true},"in2DMode":false,"pivot":{"x":-309.75653076171877,"y":-301.1253356933594,"z":307.6035461425781},"rotation":{"x":-0.27470827102661135,"y":0.41849133372306826,"z":-0.13443008065223695,"w":-0.8551777601242065},"size":714.625732421875,"orthographic":false}