{"cameraMode":{"drawMode":0,"name":"Shaded","section":"Shading Mode"},"sceneLighting":false,"audioPlay":false,"sceneViewState":{"showFog":true,"showMaterialUpdate":false,"showSkybox":true,"showFlares":true,"showImageEffects":true,"showParticleSystems":true},"in2DMode":false,"pivot":{"x":0.1872987300157547,"y":0.45619997382164,"z":0.6562106013298035},"rotation":{"x":-0.06855002045631409,"y":0.686619758605957,"z":-0.0652962177991867,"w":-0.7208263278007507},"size":1.87158203125,"orthographic":false}