{"cameraMode":{"drawMode":0,"name":"Shaded","section":"Shading Mode"},"sceneLighting":true,"audioPlay":false,"sceneViewState":{"showFog":true,"showMaterialUpdate":false,"showSkybox":true,"showFlares":true,"showImageEffects":true,"showParticleSystems":true},"in2DMode":false,"pivot":{"x":12.963523864746094,"y":7.595052242279053,"z":34.953338623046878},"rotation":{"x":-0.06855002045631409,"y":0.686619758605957,"z":-0.0652962177991867,"w":-0.7208263278007507},"size":26.49228286743164,"orthographic":false}