{"cameraMode":{"drawMode":0,"name":"Shaded","section":"Shading Mode"},"sceneLighting":true,"audioPlay":false,"sceneViewState":{"showFog":true,"showMaterialUpdate":false,"showSkybox":true,"showFlares":true,"showImageEffects":true,"showParticleSystems":true},"in2DMode":false,"pivot":{"x":23.403213500976564,"y":-50.61689758300781,"z":19.34346580505371},"rotation":{"x":-0.3830929696559906,"y":-0.5947526693344116,"z":0.38400888442993166,"w":-0.5933348536491394},"size":213.13137817382813,"orthographic":false}