{"cameraMode":{"drawMode":0,"name":"Shaded","section":"Shading Mode"},"sceneLighting":false,"audioPlay":false,"sceneViewState":{"showFog":true,"showMaterialUpdate":false,"showSkybox":true,"showFlares":true,"showImageEffects":true,"showParticleSystems":true},"in2DMode":false,"pivot":{"x":62.130001068115237,"y":9.849419593811036,"z":26.194782257080079},"rotation":{"x":0.22319993376731873,"y":-0.5695568919181824,"z":0.1642817258834839,"w":0.7738205790519714},"size":19.065221786499025,"orthographic":false}