{"cameraMode":{"drawMode":0,"name":"Shaded","section":"Shading Mode"},"sceneLighting":false,"audioPlay":false,"sceneViewState":{"showFog":true,"showMaterialUpdate":false,"showSkybox":true,"showFlares":true,"showImageEffects":true,"showParticleSystems":true},"in2DMode":false,"pivot":{"x":171.4486846923828,"y":-244.5482940673828,"z":93.44068908691406},"rotation":{"x":0.10376293957233429,"y":-0.5887768864631653,"z":0.07656295597553253,"w":0.797943115234375},"size":5.5636444091796879,"orthographic":false}