{"cameraMode":{"drawMode":0,"name":"Shaded","section":"Shading Mode"},"sceneLighting":false,"audioPlay":false,"sceneViewState":{"showFog":true,"showMaterialUpdate":false,"showSkybox":true,"showFlares":true,"showImageEffects":true,"showParticleSystems":true},"in2DMode":false,"pivot":{"x":0.18729999661445619,"y":0.4562000036239624,"z":0.6562106013298035},"rotation":{"x":-0.12865778803825379,"y":0.6910573244094849,"z":-0.12704616785049439,"w":-0.6998187899589539},"size":1.87158203125,"orthographic":false}