{"cameraMode":{"drawMode":0,"name":"Shaded","section":"Shading Mode"},"sceneLighting":true,"audioPlay":false,"sceneViewState":{"showFog":true,"showMaterialUpdate":false,"showSkybox":true,"showFlares":true,"showImageEffects":true,"showParticleSystems":true},"in2DMode":false,"pivot":{"x":86.15715789794922,"y":-20.151748657226564,"z":225.21202087402345},"rotation":{"x":0.14328032732009889,"y":0.0012235274771228433,"z":-0.00017913094779942185,"w":0.9896814227104187},"size":182.5048370361328,"orthographic":false}